id,name,parentID,dateOfBirth,grade,yearStarted
1,Val Stollard,1,3/21/2009,3,9/13/2005
2,Quintana Patillo,2,7/15/2017,4,11/1/2014
3,Gerick Lukovic,3,11/25/2008,5,7/21/2017
4,Brooke Scogings,4,2/27/2006,6,4/7/2009
5,Niel Beazley,5,2/3/2009,6,6/8/2011
6,Georgie Haines,6,12/25/2000,3,4/26/2019
7,Glyn Gaskamp,7,2/3/2014,5,11/18/2012
8,Elna McDavid,8,9/26/2014,4,11/13/2017
9,Candide Stogill,9,7/2/2012,2,2/17/2018
10,Audrey Townsend,10,2/27/2017,2,2/21/2018
11,Claretta Lutman,11,1/11/2013,6,9/27/2006
12,Berty Elliott,12,12/15/2008,6,4/6/2007
13,Penelope Marrows,13,3/8/2003,3,4/2/2018
14,Rafi Strelitzki,14,11/1/2016,2,11/20/2014
15,Talyah Monnery,15,1/16/2002,6,5/11/2014
16,Lynna Beavors,16,8/28/2015,2,2/24/2019
17,Marielle McGilmartin,17,5/22/2006,1,7/13/2017
18,Janey Comrie,18,2/5/2001,3,5/11/2011
19,Gardy Hilldrop,19,8/25/2003,6,5/11/2006
20,Ashla Blakeney,20,3/13/2010,6,11/29/2019
21,Sabina Illsley,21,5/7/2013,1,1/22/2015
22,Vivyanne Clubley,22,2/3/2011,5,3/25/2005
23,Quentin Aitcheson,23,1/5/2017,1,11/22/2005
24,Norina Weeds,24,3/25/2010,5,8/7/2013
25,Northrop Pechold,25,1/25/2007,2,2/5/2005
26,Dugald Grundwater,26,5/10/2006,2,10/17/2014
27,Lesley Morde,27,4/14/2001,2,7/10/2016
28,Boony Collinette,28,11/11/2011,4,4/16/2017
29,Ode Gotthard,29,9/23/2006,4,11/5/2012
30,Willi Collacombe,30,12/28/2017,5,12/21/2019
31,Way Bampforth,31,5/27/2010,3,8/6/2004
32,Hetty Westcott,32,1/12/2016,6,3/7/2005
33,Irma Poter,33,3/11/2014,2,4/20/2004
34,Lenard Sprowell,34,9/19/2016,5,4/2/2015
35,Audrye Ovize,35,6/22/2013,7,1/6/2011
36,Filbert Huzzey,36,12/23/2017,3,9/21/2006
37,Ashien Chasson,37,11/30/2009,4,11/2/2011
38,Kim Crichmere,38,12/16/2012,7,3/14/2013
39,Symon Diver,39,9/11/2014,6,6/21/2004
40,Didi Bettles,40,5/8/2013,5,2/25/2015
41,Tadd Iremonger,41,5/6/2002,6,10/8/2012
42,Stafani Waldren,42,1/23/2005,4,12/14/2010
43,Seka Ashtonhurst,43,6/8/2003,1,3/4/2013
44,Tiphany Turpey,44,4/13/2011,5,10/29/2011
45,Jimmie Connelly,45,4/4/2012,1,11/11/2011
46,Joey Hillitt,46,5/4/2015,2,5/2/2005
47,Colby Bourdas,47,8/5/2017,2,12/12/2007
48,Pru Joye,48,7/23/2012,6,9/30/2007
49,Andy Onthank,49,1/28/2005,3,1/3/2008
50,Madeleine Garn,50,6/29/2017,1,12/15/2011
51,Cathy Savidge,51,3/5/2018,7,11/22/2010
52,Lauren Glowinski,52,8/29/2010,1,2/27/2009
53,Trefor Gaisford,53,8/1/2011,3,11/7/2018
54,Ulric Tilston,54,3/7/2006,2,11/13/2007
55,Ravi Graeme,55,11/7/2015,5,10/27/2007
56,Kary Eassom,56,4/9/2007,7,5/8/2013
57,Asher Rothermel,57,3/18/2018,4,3/26/2010
58,Saxe Lezemere,58,4/21/2001,5,10/2/2017
59,Fitzgerald Boch,59,6/9/2001,1,10/27/2019
60,Harriett Whisker,60,10/18/2001,7,6/13/2017
61,Bill Lightman,61,11/21/2015,3,1/2/2018
62,Pippo Seaking,62,11/19/2008,5,9/1/2004
63,Jobey Buyers,63,7/5/2016,1,6/26/2016
64,Catlaina Sidwick,64,6/27/2012,3,5/10/2016
65,Jedidiah Sarfatti,65,4/14/2004,6,12/12/2011
66,Gerri Bowyer,66,11/7/2009,6,10/21/2004
67,Banky Da Costa,67,1/10/2013,4,4/13/2018
68,Patience Janousek,68,9/23/2001,4,10/21/2018
69,Gertruda Kliner,69,3/3/2012,7,2/14/2018
70,Elsworth Durnill,70,1/18/2006,6,8/6/2014
71,Sidnee Dufer,71,6/22/2004,3,7/28/2019
72,Johnathon Cowgill,72,7/21/2004,5,2/13/2005
73,Kevyn Simco,73,11/24/2008,5,5/1/2013
74,Roma McLewd,74,4/14/2014,6,9/22/2005
75,Roda Reidie,75,12/27/2010,7,9/16/2013
76,Ezechiel Tennet,76,2/22/2016,7,6/19/2006
77,Wynn Farres,77,7/10/2008,1,4/20/2006
78,Tandi Mac,78,5/1/2013,3,6/6/2010
79,Hervey Featherstone,79,10/20/2015,4,3/19/2015
80,Faye Winridge,80,6/28/2007,7,7/7/2015
81,Adelina Ickovic,81,6/22/2008,5,8/15/2015
82,Hermina Colbourn,82,11/29/2001,3,1/5/2019
83,Jaquenetta Byrne,83,5/10/2010,1,5/1/2015
84,Lynne Aubrey,84,8/18/2017,2,1/27/2017
85,Glen Alves,85,10/26/2013,4,12/1/2013
86,Ilsa Maevela,86,9/23/2000,1,8/3/2005
87,Jocelin Cuming,87,11/4/2008,7,10/23/2016
88,Bern Ygoe,88,5/25/2010,7,7/15/2013
89,Dewie Stansell,89,8/31/2006,6,1/18/2016
90,Ella Peers,90,3/13/2018,1,2/22/2018
91,Tonya Setchfield,91,10/6/2002,1,8/31/2009
92,Candis Arndt,92,4/22/2015,2,9/15/2013
93,Vikki Collick,93,5/28/2014,1,6/16/2005
94,Damaris Magrane,94,7/9/2001,2,5/4/2019
95,Astrid Spileman,95,10/13/2017,6,1/14/2011
96,Linet Dounbare,96,11/19/2014,7,6/10/2013
97,Odey Levicount,97,7/17/2007,5,7/9/2019
98,Whitney Wakeham,98,3/6/2006,3,4/27/2015
99,Loise Sivess,99,7/30/2005,5,9/2/2008
100,Melamie Blazey,100,12/6/2016,4,9/28/2011
